,BoiteVitesse,PuissanceFiscale,Prix,NombreDePlaces,NombreDePortes,Cylindrée,Energie,NombreDeCylindres,Carrosserie,Marque,Modele
0,Automatique,11CV,198 000 DT TTC,5,4,1995CM³,Essence,4.0,Berline,ALFA ROMEO, GIULIA2.0 TURBO  SUPER BVA
1,Automatique,17CV,265 000 DT TTC,5,5,1995CM³,Essence,4.0,SUV,ALFA ROMEO, STELVIO2.0 TURBO    BVA Q4
2,Automatique,8CV,156 000 DT TTC,5,4,1395CM³,Essence,4.0,Berline,AUDI, A3 BERLINE35 TFSI BUSINESS EXTENDED
3,Automatique,8CV,198 000 DT TTC,5,4,1984CM³,Essence,4.0,Berline,AUDI, A435 TFSI  BUSINESS LINE PLUS S-TRONIC
4,Automatique,8CV,230 000 DT TTC,5,5,1984CM³,Essence,4.0,Berline,AUDI, A5 SPORTBACK35 TFSI  S-LINE SELECTION S-TRONIC
5,Automatique,11CV,295 000 DT TTC,5,4,1984CM³,Essence | Hybride léger,4.0,Berline,AUDI, A640 TFSI S-LINE
6,Automatique,8CV,166 000 DT TTC,5,5,1498CM³,Essence,4.0,SUV,AUDI, Q235 TFSI  S-LINE BVA
7,Automatique,9CV,207 000 DT TTC,5,5,1498CM³,Essence,4.0,SUV,AUDI, Q335 TFSI  TECH ADVANCED S-TRONIC
8,Automatique,9CV,235 000 DT TTC,5,5,1498CM³,Essence,4.0,SUV,AUDI, Q3 SPORTBACK35 TFSI  BLACK SERIES S-TRONIC
9,Automatique,16CV,350 000 DT TTC,5,5,1984CM³,Essence,4.0,SUV,AUDI, Q5 SPORTBACK45 TFSI QUATTRO S-LINE
10,Automatique,16CV,430 000 DT TTC,7,5,1984CM³,Essence,4.0,SUV,AUDI, Q745 TFSI QUATTRO  S-LINE 7 PLACES BVA
11,Automatique,23CV,510 000 DT TTC,5,5,2995CM³,Essence | Hybride léger,6.0,SUV,AUDI, Q855 TFSI TIPTRONIC QUATTRO
12,Automatique,12CV,299 000 DT TTC,5,5,,Electrique,,SUV,AUDI, Q8 E-TRON55 E-QUATTRO ADVANCED LINE
13,Automatique,12CV,349 000 DT TTC,5,5,,Electrique,,SUV,AUDI, Q8 SPORTBACK E-TRON 55 E-QUATTRO S-LINE
14,Automatique,37CV,390 000 DT TTC,5,4,,Electrique,,Berline,AUDI, E-TRON GTQUATTRO
15,Automatique,9CV,197 800 DT TTC,5,5,1499CM³,Essence,3.0,Monospace,BMW, SÉRIE 2 ACTIVE TOURER218I  LUXURY LINE BVA
16,Automatique,26CV,782 900 DT TTC,5,4,2998CM³,Essence | Hybride léger,6.0,Berline,BMW, SÉRIE 7740I LAUNCH EDITION
17,Automatique,8CV,284 900 DT TTC,5,5,,Electrique,,SUV,BMW, IX3M SPORT
18,Automatique,11CV,424 900 DT TTC,5,5,,Electrique,,SUV,BMW, IXXDRIVE40 PACK SPORT
19,Automatique,11CV,143 900 DT TTC,7,5,1999CM³,Essence,4.0,SUV,BYD, TANG2.0 L  SUPREME BVA
20,Manuelle,6CV,39 900 DT TTC,2,3 | 2 portes latérales coulissantes,1243CM³,Essence,4.0,Utilitaire,CHANGAN, NEW STAR VAN1.2 L
21,Manuelle,7CV,49 900 DT TTC,5,4,1243CM³,Essence,4.0,Pick up,CHANGAN, STAR TRUCK DOUBLE CABINE1.2 L
22,Manuelle,6CV,123 046 DT TTC,5,4,1910CM³,Diesel,4.0,Pick up,CHANGAN, HUNTER1.9 L TURBO DIESEL 4X4
23,Manuelle,4CV,34 068 DT TTC,5,5,998CM³,Essence,3.0,SUV,CHERY, TIGGO 1X POPULAIRE1.0 L TURBO
24,Automatique,9CV,99 580 DT TTC,5,5,1498CM³,Essence,4.0,SUV,CHERY, TIGGO 7 PRO1.5 T CVT
25,Automatique,9CV,109 880 DT TTC,7,5,1498CM³,Essence,4.0,SUV,CHERY, TIGGO 81.5 T DCT LUXURY
26,Automatique,11CV,129 590 DT TTC,7,5,1598CM³,Essence,4.0,SUV,CHERY, TIGGO 8 PRO1.6 T-GDI 7-DCT
27,Automatique,6CV,54 778 DT TTC,5,5,1398CM³,Essence,4.0,Citadine,CHEVROLET, SONIC1.4 L   BVA
28,Automatique,6CV,89 825 DT TTC,5,5,1485CM³,Essence,4.0,SUV,CHEVROLET, GROOVE1.5 L PREMIER
29,Automatique,10CV,148 968 DT TTC,5,5,1451CM³,Essence,4.0,SUV,CHEVROLET, EQUINOX1.5 TURBO  AWD  BVA
30,Automatique,11CV,167 980 DT TTC,5,5,1998CM³,Essence,4.0,SUV,CUPRA, FORMENTOR2.0 L TSI  7 EXCLUSIVE DSG
31,Manuelle,5CV,57 450 DT TTC,5,5,999CM³,Essence,3.0,Citadine,DACIA, SANDERO1.0 L TCE
32,Automatique,7CV,83 900 DT TTC,5,5,1498CM³,Essence,4.0,SUV,DFSK, GLORY 5001.5 CVT
33,Automatique,8CV,99 900 DT TTC,7,5,1499CM³,Essence,4.0,SUV,DFSK, GLORY 5801.5 T LUXURY CVT
34,Manuelle,6CV,63 900 DT TTC,5,4,1499CM³,Essence,4.0,Berline,DONGFENG, S501.5 L
35,Automatique,9CV,122 700 DT TTC,5,5,1500CM³,Essence,4.0,SUV,DONGFENG, T5 EVO1.5 L TURBO
36,Automatique,6CV,84 900 DT TTC,5,5,1598CM³,Essence,4.0,SUV,FAW, BESTURN X401.6 L
37,Automatique,4CV,67 500 DT TTC,4,3,1242CM³,Essence,4.0,Citadine,FIAT, 5001.2 L   BVA
38,Manuelle,5CV,49 900 DT TTC,2,2 | 1 porte latérale coulissante | 2 portes arrières battantes tolées,1248CM³,Diesel,4.0,Utilitaire,FIAT, FIORINO1.3 L MULTIJET
39,Manuelle,6CV,116 800 DT TTC,5,4,1855CM³,Diesel,4.0,Pick up,FODAY, F22 MAX1.9 L TID4 LUXURY
40,Automatique,5CV,320 000 DT TTC,5,4,1996CM³,Diesel,4.0,Pick up,FORD, RANGER RAPTOR2.0 L TDCI 210 CH 4X4   BVA
41,Manuelle,7CV,87 900 DT TTC,3,5 | 1 porte latérale coulissante | 2 portes arrières battantes tolées,2198CM³,Diesel,4.0,Utilitaire,FORD, TRANSIT CUSTOM2.2 L DIESEL
42,Manuelle,6CV,141 000 DT TTC,15,5 | 1 porte latérale coulissante,2198CM³,Diesel,4.0,Utilitaire,FORD, TRANSIT MINIBUSRESTYLÉ 2.2 L D 15 PLACES
43,Automatique,6CV,67 065 DT TTC,5,4,1495CM³,Essence,4.0,Berline,GAC, GA41.5 L   BVA
44,Automatique,7CV,79 970 DT TTC,5,5,1325CM³,Essence,4.0,SUV,GAC, GS31.3 L   BVA
45,Automatique,6CV,68 800 DT TTC,5,5,1498CM³,Essence,4.0,SUV,GEELY, GX3 PRO1.5 L CVT
46,Automatique,9CV,122 800 DT TTC,5,5,1477CM³,Essence | Hybride léger,3.0,SUV,GEELY, AZKARRA1.5 L TURBO HYBRID 4WD
47,Manuelle,7CV,82 975 DT TTC,5,4,1996CM³,Diesel,4.0,Pick up,GREAT WALL, WINGLE 5 DOUBLE CABINE2.0 L DIESEL 4X2
48,Automatique,9CV,100 980 DT TTC,5,5,1479CM³,Essence,4.0,SUV,HAVAL, JOLION1.5 T
49,Automatique,8CV,144 900 DT TTC,5,5,1499CM³,Essence | Hybride,4.0,SUV,HAVAL, H6 HYBRIDE1.5 T HEV
50,Automatique,5CV,85 990 DT TTC,5,5,1498CM³,Essence | Hybride,4.0,Citadine,HONDA, JAZZ1.5 L E-HEV
51,Automatique,7CV,127 990 DT TTC,5,5,1498CM³,Essence,4.0,SUV,HONDA, HR-V1.5 L CVT EX
52,Automatique,10CV,159 990 DT TTC,5,4,1498CM³,Essence,4.0,Berline,HONDA, CIVIC1.5 L CVT
53,Automatique,7CV,186 990 DT TTC,5,4,1993CM³,Essence | Hybride,4.0,Berline,HONDA, CIVIC HYBRIDE2.0 L E-HEV
54,Manuelle,4CV,33 809 DT TTC,5,5,998CM³,Essence,3.0,Citadine,HYUNDAI, GRAND I10 POPULAIRE1.0 L
55,Manuelle,5CV,56 450 DT TTC,5,4,1197CM³,Essence,4.0,Berline,HYUNDAI, GRAND I10 SEDAN1.2 L
56,Automatique,7CV,90 000 DT TTC,5,5,998CM³,Essence,3.0,SUV,HYUNDAI, VENUE1.0 L TURBO   BVA
57,Manuelle,6CV,85 000 DT TTC,5,4,1396CM³,Essence,4.0,Berline,HYUNDAI, ACCENT1.4 L
58,Automatique,7CV,100 000 DT TTC,5,5,998CM³,Essence,3.0,Compacte,HYUNDAI, I301.0 L T-GDI DCT-7
59,Automatique,7CV,100 000 DT TTC,5,4,998CM³,Essence,3.0,Berline,HYUNDAI, I30 FASTBACK1.0 L T-GDI DCT-7
60,Automatique,5CV,130 000 DT TTC,5,5,1580CM³,Essence | Hybride,4.0,SUV,HYUNDAI, KONA HYBRIDE1.6 L GDI HYBRIDE   BVA
61,Automatique,11CV,123 950 DT TTC,5,5,,Electrique,,SUV,HYUNDAI, KONA ELECTRIC39 KWH
62,Automatique,10CV,180 000 DT TTC,5,5,1598CM³,Essence,4.0,SUV,HYUNDAI, TUCSON1.6 L T-GDI 7-DCT 4WD TOP GRADE
63,Automatique,9CV,170 000 DT TTC,5,5,1598CM³,Essence | Hybride,4.0,SUV,HYUNDAI, TUCSON HYBRIDE1.6 L T-GDI  2WD TOP GRADE BVA 6
64,Automatique,12CV,280 000 DT TTC,7,5,2199CM³,Diesel,4.0,SUV,HYUNDAI, SANTA FE2.2 L CRDI HIGH GRADE
65,Manuelle,8CV,159 600 DT TTC,11,5,2199CM³,Diesel,4.0,Monospace,HYUNDAI, STARIA 11 PLACES2.2 CRDI
66,Automatique,12CV,350 000 DT TTC,5,5,1998CM³,Diesel,4.0,SUV,JAGUAR, E-PACE2.0 D 163 R-DYNAMIC S
67,Automatique,16CV,399 000 DT TTC,5,5,1997CM³,Essence,4.0,SUV,JAGUAR, F-PACE2.0 T 250 R-DYNAMIC S
68,Automatique,8CV,126 500 DT TTC,5,5,1368CM³,Essence,4.0,SUV,JEEP, RENEGADE1.4 TURBO  4X2 LIMITED BVA
69,Automatique,18CV,327 000 DT TTC,5,3,2000CM³,Essence,4.0,SUV,JEEP, WRANGLER2.0 L RUBICON
70,Manuelle,4CV,30 935 DT TTC,5,5,998CM³,Essence,3.0,Citadine,KIA, PICANTO POPULAIRE1.0 L
71,Automatique,8CV,116 980 DT TTC,5,5,1353CM³,Essence,4.0,SUV,KIA, SELTOS1.4 T-GDI
72,Manuelle,8CV,66 990 DT TTC,3,2,2497CM³,Diesel,4.0,Pick up,KIA, K2500SIMPLE CABINE
73,Automatique,21CV,398 000 DT TTC,5,3,1997CM³,Essence,4.0,SUV,LAND ROVER, DEFENDER 902.0 L P300 X-DYNAMIX SE
74,Automatique,15CV,396 500 DT TTC,5,5,1998CM³,Essence,4.0,SUV,LAND ROVER, RANGE ROVER VELAR2.0 L P250 S
75,Manuelle,5CV,43 960 DT TTC,5,5,1198CM³,Essence,3.0,SUV,MAHINDRA, KUV 1001.2 L K8
76,Manuelle,7CV,59 916 DT TTC,2,2,2179CM³,Diesel,4.0,Pick up,MAHINDRA, PICK-UP SC2.2 L DIESEL 4X2 PLATEAU SIMPLE
77,Manuelle,7CV,77 945 DT TTC,5,4,2179CM³,Diesel,4.0,Pick up,MAHINDRA, PICK-UP DC2.2 L DIESEL 4X2
78,Automatique,12CV,345 000 DT TTC,5,4,1999CM³,Essence | Hybride rechargeable,4.0,Berline,MERCEDES-BENZ, CLASSE C PLUG-IN HYBRIDE350E AMG +
79,Automatique,12CV,292 000 DT TTC,4,2,1999CM³,Essence | Hybride léger,4.0,Coupé,MERCEDES-BENZ, CLE COUPÉ200 AMG +
80,Automatique,27CV,583 000 DT TTC,5,4,2999CM³,Essence | Hybride léger,6.0,Berline,MERCEDES-BENZ, CLASSE S450 4MATIC LIMOUSINE
81,Automatique,9CV,218 000 DT TTC,5,5,1332CM³,Essence,4.0,SUV,MERCEDES-BENZ, GLB200 AMG
82,Automatique,9CV,397 000 DT TTC,5,5,1999CM³,Essence | Hybride rechargeable,4.0,SUV,MERCEDES-BENZ, GLC PLUG-IN HYBRIDE350E 4MATIC AMG
83,Automatique,6CV,113 000 DT TTC,5,5,999CM³,Essence,3.0,Citadine,AUDI, A1 SPORTBACK30 TFSI  CITY LINE BVA
84,Automatique,6CV,125 000 DT TTC,5,5,999CM³,Essence,3.0,Citadine,AUDI, A1 SPORTBACK30 TFSI  S-LINE BVA
85,Automatique,8CV,154 000 DT TTC,5,5,1395CM³,Essence,4.0,Compacte,AUDI, A3 SPORTBACK35 TFSI ADVANCED LINE
86,Automatique,8CV,164 000 DT TTC,5,5,1395CM³,Essence,4.0,Compacte,AUDI, A3 SPORTBACK35 TFSI MIDNIGHT SERIES LTD
87,Automatique,6CV,167 900 DT TTC,5,5,1499CM³,Essence,3.0,Compacte,BMW, SÉRIE 1116I PACK M
88,Automatique,8CV,168 000 DT TTC,5,4,1499CM³,Essence,3.0,Berline,BMW, SÉRIE 2 GRAN COUPÉ218I LOUNGE
89,Automatique,8CV,192 800 DT TTC,5,4,1499CM³,Essence,3.0,Berline,BMW, SÉRIE 2 GRAN COUPÉ218I PACK SPORT M
90,Automatique,10CV,187 700 DT TTC,5,4,1598CM³,Essence,4.0,Berline,BMW, SÉRIE 3320I ACCESS
91,Automatique,10CV,218 000 DT TTC,5,4,1598CM³,Essence,4.0,Berline,BMW, SÉRIE 3320I LOUNGE
92,Automatique,10CV,243 700 DT TTC,5,4,1598CM³,Essence,4.0,Berline,BMW, SÉRIE 3320I PACK M SPORT
93,Automatique,10CV,276 800 DT TTC,5,5,1998CM³,Essence,4.0,Berline,BMW, SÉRIE 4 GRAN COUPÉ420I BUSINESS LINE
94,Automatique,10CV,276 800 DT TTC,5,2,1998CM³,Essence,4.0,Coupé,BMW, SÉRIE 4 COUPÉ420I BUSINESS LINE
95,Automatique,10CV,331 900 DT TTC,5,2,1998CM³,Essence,4.0,Coupé,BMW, SÉRIE 4 COUPÉ420I PACK M SPORT
96,Automatique,11CV,269 900 DT TTC,5,4,1999CM³,Essence | Hybride léger,4.0,Berline,BMW, SÉRIE 5520I BUSINESS LINE
97,Automatique,11CV,293 900 DT TTC,5,4,1999CM³,Essence | Hybride léger,4.0,Berline,BMW, SÉRIE 5520I LOUNGE
98,Automatique,9CV,188 900 DT TTC,5,5,1499CM³,Essence,3.0,SUV,BMW, X118I SDRIVE LOUNGE
99,Automatique,11CV,355 000 DT TTC,5,5,1995CM³,Essence | Hybride rechargeable,4.0,SUV,BMW, X3 HYBRIDE30E XDRIVE BUSINESS LINE
100,Automatique,15CV,496 400 DT TTC,5,5,2998CM³,Essence | Hybride rechargeable,6.0,SUV,BMW, X5 HYBRIDE45E X-DRIVE PACK M
101,Automatique,21CV,581 900 DT TTC,5,5,2998CM³,Essence | Hybride rechargeable,6.0,SUV,BMW, X5 HYBRIDE50E X-DRIVE PACK M
102,Automatique,22CV,237 900 DT TTC,5,5,,Electrique,,Berline,BMW, I4EDRIVE40 BUSINESS LINE
103,Automatique,22CV,276 900 DT TTC,5,5,,Electrique,,Berline,BMW, I4EDRIVE40 PACK M
104,Automatique,8CV,224 900 DT TTC,5,5,,Electrique,,SUV,BMW, IX1XDRIVE30 PACK M
105,Manuelle,6CV,56 490 DT TTC,5,5,998CM³,Essence,3.0,SUV,CHERY, TIGGO 3X1.0 L TURBO  COMFORT BVM
106,Automatique,6CV,65 565 DT TTC,5,5,998CM³,Essence,3.0,SUV,CHERY, TIGGO 3X1.0 L TURBO CVT LUXURY
107,Manuelle,7CV,63 490 DT TTC,5,4,1499CM³,Essence,4.0,Berline,CHERY, ARRIZO 51.5 L  COMFORT BVM
108,Automatique,7CV,71 490 DT TTC,5,4,1499CM³,Essence,4.0,Berline,CHERY, ARRIZO 51.5 L CVT LUXURY
109,Automatique,9CV,106 796 DT TTC,7,5,1451CM³,Essence,4.0,SUV,CHEVROLET, CAPTIVA1.5 TURBO CVT 7 PLACES
110,Automatique,8CV,141 980 DT TTC,5,5,1395CM³,Essence,4.0,Compacte,CUPRA, LEON1.4 TSI SPORT
111,Manuelle,5CV,61 500 DT TTC,5,4,999CM³,Essence,3.0,Berline,DACIA, LOGAN1.0 L TCE
112,Manuelle,5CV,62 500 DT TTC,5,4,999CM³,Essence,3.0,Berline,DACIA, LOGAN1.0 L TCE ÉCRAN TACTILE
113,Manuelle,5CV,88 700 DT TTC,5,5,1461CM³,Diesel,4.0,SUV,DACIA, DUSTER1.5 L DCI 4X2 CONFORT
114,Manuelle,6CV,98 950 DT TTC,5,5,1461CM³,Diesel,4.0,SUV,DACIA, DUSTER1.5 L DCI 4X4 CONFORT
115,Automatique,6CV,99 990 DT TTC,5,5,1461CM³,Diesel,4.0,SUV,DACIA, DUSTER1.5 L DCI 4X2  CONFORT BVA
116,Manuelle,5CV,29 900 DT TTC,2,2,1000CM³,Essence,4.0,Pick up,DFSK, K01SSIMPLE CABINE STD
117,Manuelle,5CV,31 900 DT TTC,2,2,1000CM³,Essence,4.0,Pick up,DFSK, K01SSIMPLE CABINE DLX
118,Manuelle,6CV,35 900 DT TTC,2,2,1050CM³,Essence,4.0,Pick up,DFSK, K01HLARGE CABINE 1.1 L STD
119,Manuelle,5CV,39 900 DT TTC,4,4,1000CM³,Essence,4.0,Pick up,DFSK, K02S1.0 L DOUBLE CABINE STD
120,Manuelle,5CV,41 900 DT TTC,4,4,1000CM³,Essence,4.0,Pick up,DFSK, K02S1.0 L DOUBLE CABINE DLX
121,Manuelle,5CV,78 500 DT TTC,5,4,1368CM³,Essence,4.0,Berline,FIAT, TIPO BERLINE1.4 L ENTRY PLUS
122,Manuelle,7CV,90 400 DT TTC,3,2 portes latérales coulissantes | 2 portes arrières battantes tolées | 6,2179CM³,Diesel,4.0,Utilitaire,FIAT, DUCATO2.2 HDI 8M3 L1H1
123,Manuelle,7CV,92 400 DT TTC,3,2 portes latérales coulissantes | 2 portes arrières battantes tolées | 6,2179CM³,Diesel,4.0,Utilitaire,FIAT, DUCATO2.2 HDI 11.5 M3 L1H2
124,Automatique,8CV,116 900 DT TTC,5,5,1496CM³,Essence,3.0,SUV,FORD, KUGA1.5 L ECOBOOST  TREND PLUS BVA
125,Automatique,10CV,145 990 DT TTC,5,5,1496CM³,Essence,3.0,SUV,FORD, KUGA1.5 L ECOBOOST  TITANIUM BVA
126,Automatique,13CV,257 000 DT TTC,7,5,1996CM³,Diesel,4.0,SUV,FORD, EVEREST2.0 L BI-TURBO XLT 7 PLACES
127,Automatique,7CV,165 000 DT TTC,5,4,1996CM³,Diesel,4.0,Pick up,FORD, RANGER2.0 L 170 CH 4X4  XLT BVA
128,Automatique,5CV,220 000 DT TTC,5,4,1996CM³,Diesel,4.0,Pick up,FORD, RANGER2.0 L TDCI 210 CH 4X4  WILDTRAK BVA
129,Manuelle,7CV,95 500 DT TTC,3,5 | 1 porte latérale coulissante | 2 portes arrières battantes tolées,2198CM³,Diesel,4.0,Utilitaire,FORD, TRANSIT VAN2.2 L D 330 M L2H2
130,Automatique,6CV,82 990 DT TTC,5,4,1498CM³,Essence,4.0,Berline,HONDA, CITY1.5 L CVT LX SPORT +
131,Manuelle,5CV,51 500 DT TTC,5,5,1197CM³,Essence,4.0,Citadine,HYUNDAI, GRAND I101.2 L GLS
132,Manuelle,5CV,55 600 DT TTC,5,5,1197CM³,Essence,4.0,Citadine,HYUNDAI, GRAND I101.2 L HIGH GRADE
133,Automatique,5CV,59 950 DT TTC,5,5,1197CM³,Essence,4.0,Citadine,HYUNDAI, GRAND I101.2 L  HIGH GRADE BVA
134,Manuelle,5CV,63 950 DT TTC,5,5,1197CM³,Essence,4.0,Citadine,HYUNDAI, I201.2 L GLS
135,Manuelle,5CV,68 950 DT TTC,5,5,1197CM³,Essence,4.0,Citadine,HYUNDAI, I201.2 L HIGH GRADE
136,Automatique,5CV,87 950 DT TTC,5,5,998CM³,Essence,3.0,Citadine,HYUNDAI, I201.0 L T-GDI DCT-7 HIGH GRADE N LINE
137,Manuelle,5CV,78 950 DT TTC,5,5,1197CM³,Essence,4.0,SUV,HYUNDAI, BAYON1.2 L TOP GRADE
138,Automatique,5CV,90 000 DT TTC,5,5,998CM³,Essence,3.0,SUV,HYUNDAI, BAYON1.0 L T-GDI  TOP GRADE BVA
139,Automatique,11CV,137 000 DT TTC,5,5,1598CM³,Essence,4.0,SUV,HYUNDAI, KONA1.6 L T-GDI 7-DCT 4WD
140,Automatique,11CV,150 000 DT TTC,5,5,1598CM³,Essence,4.0,SUV,HYUNDAI, KONA1.6 L T-GDI 7-DCT 4WD N LINE
141,Automatique,21CV,210 950 DT TTC,5,5,,Electrique,,SUV,HYUNDAI, IONIQ 577 KWH 4WD HG
142,Automatique,12CV,350 000 DT TTC,7,5,2199CM³,Diesel,4.0,SUV,HYUNDAI, PALISADE CALLIGRAPHY2.2 L TCI  4X4  BVA
143,Manuelle,11CV,190 000 DT TTC,9,5,2199CM³,Diesel,4.0,Monospace,HYUNDAI, STARIA 9 PLACES2.2 CRDI
144,Automatique,11CV,210 100 DT TTC,9,5,2199CM³,Diesel,4.0,Monospace,HYUNDAI, STARIA 9 PLACES2.2 CRDI  4WD  BVA
145,Automatique,11CV,280 000 DT TTC,9,5,2199CM³,Diesel,4.0,Monospace,HYUNDAI, STARIA 9 PLACES2.2 CRDI  4WD LUXE BVA
146,Automatique,4CV,52 480 DT TTC,5,5,1197CM³,Essence,4.0,Citadine,KIA, PICANTO1.2 L  LX BVA
147,Manuelle,5CV,77 980 DT TTC,5,5,1197CM³,Essence,4.0,SUV,KIA, STONIC1.2 L  SX BVM
148,Manuelle,6CV,84 980 DT TTC,5,5,998CM³,Essence | Hybride léger,3.0,SUV,KIA, STONIC1.0L T-GDI  GT-LINE BVM
149,Automatique,9CV,118 480 DT TTC,5,5,1482CM³,Essence,4.0,SUV,KIA, XCEED1.5 T-GDI 7DCT EX
150,Automatique,9CV,199 980 DT TTC,5,5,,Electrique,,SUV,KIA, EV6STANDARD RANGE GT-LINE
151,Automatique,8CV,169 000 DT TTC,5,5,1395CM³,Essence,4.0,Compacte,AUDI, A3 SPORTBACK35 TFSI S-LINE
152,Automatique,9CV,113 777 DT TTC,5,5,1498CM³,Essence,4.0,SUV,BESTUNE, T77 PRO1.5 L  LUXURY BVA
153,Automatique,9CV,118 777 DT TTC,5,5,1498CM³,Essence,4.0,SUV,BESTUNE, T77 PRO1.5 L  PREMIUM BVA
154,Automatique,6CV,151 000 DT TTC,5,5,1499CM³,Essence,3.0,Compacte,BMW, SÉRIE 1116I LOUNGE
155,Automatique,10CV,331 900 DT TTC,5,5,1998CM³,Essence,4.0,Berline,BMW, SÉRIE 4 GRAN COUPÉ420I PACK M
156,Automatique,11CV,315 900 DT TTC,5,4,1999CM³,Essence | Hybride léger,4.0,Berline,BMW, SÉRIE 5520I PACK M
157,Automatique,9CV,213 900 DT TTC,5,5,1499CM³,Essence,3.0,SUV,BMW, X118I SDRIVE XLINE
158,Automatique,9CV,218 900 DT TTC,5,5,1499CM³,Essence,3.0,SUV,BMW, X118I SDRIVE PACK SPORT M
159,Automatique,8CV,181 900 DT TTC,5,5,1499CM³,Essence,3.0,SUV,BMW, X218I BUSINESS LINE
160,Automatique,8CV,203 900 DT TTC,5,5,1499CM³,Essence,3.0,SUV,BMW, X218I PACK M SPORT X
161,Automatique,8CV,217 900 DT TTC,5,5,1499CM³,Essence | Hybride rechargeable,3.0,SUV,BMW, X1 HYBRIDEXDRIVE 25E LOUNGE
162,Automatique,8CV,239 900 DT TTC,5,5,1499CM³,Essence | Hybride rechargeable,3.0,SUV,BMW, X1 HYBRIDEXDRIVE 25E XLINE
163,Automatique,8CV,244 900 DT TTC,5,5,1499CM³,Essence | Hybride rechargeable,3.0,SUV,BMW, X1 HYBRIDEXDRIVE 25E PACK M
164,Automatique,11CV,402 200 DT TTC,5,5,1995CM³,Essence | Hybride rechargeable,4.0,SUV,BMW, X3 HYBRIDE30E XDRIVE PACK M
165,Automatique,8CV,216 900 DT TTC,5,5,,Electrique,,SUV,BMW, IX1XDRIVE30 XLINE
166,Automatique,9CV,98 520 DT TTC,5,5,1451CM³,Essence,4.0,SUV,CHEVROLET, CAPTIVA1.5 TURBO CVT 5 PLACES
167,Automatique,8CV,131 980 DT TTC,5,5,1395CM³,Essence,4.0,Compacte,CUPRA, LEON1.4 TSI
168,Manuelle,6CV,62 990 DT TTC,5,5,999CM³,Essence,3.0,SUV,DACIA, SANDERO STEPWAY1.0 L
169,Automatique,6CV,72 990 DT TTC,5,5,999CM³,Essence,3.0,SUV,DACIA, SANDERO STEPWAY1.0 L   BVA
170,Manuelle,6CV,37 900 DT TTC,2,2,1050CM³,Essence,4.0,Pick up,DFSK, K01HLARGE CABINE 1.1 L DLX
171,Manuelle,7CV,71 900 DT TTC,5,5,1556CM³,Essence,4.0,SUV,DONGFENG, AX41.6 L
172,Automatique,7CV,79 900 DT TTC,5,5,1556CM³,Essence,4.0,SUV,DONGFENG, AX41.6 L DCT
173,Manuelle,8CV,93 900 DT TTC,5,4,2498CM³,Diesel,4.0,Pick up,DONGFENG, RICH 62.5 TURBO DIESEL 4X2
174,Manuelle,8CV,104 900 DT TTC,5,4,2498CM³,Diesel,4.0,Pick up,DONGFENG, RICH 62.5 TURBO DIESEL 4X4
175,Manuelle,8CV,108 500 DT TTC,5,4,2498CM³,Diesel,4.0,Pick up,DONGFENG, RICH 62.5 TURBO DIESEL 4X4 TOUTES OPTIONS
176,Manuelle,5CV,83 000 DT TTC,5,4,1248CM³,Diesel,4.0,Berline,FIAT, TIPO BERLINE1.3 L DIESEL ENTRY
177,Automatique,7CV,111 000 DT TTC,5,5,1368CM³,Essence,4.0,SUV,FIAT, 500X CROSS1.4 L MULTIAIR   BVA
178,Automatique,7CV,112 000 DT TTC,5,5,1368CM³,Essence,4.0,SUV,FIAT, 500X CROSS1.4 L MULTIAIR  BICOLORE BVA
179,Manuelle,6CV,80 000 DT TTC,5,5 | 2 portes latérales coulissantes | 2 portes arrières battantes vitrées,1368CM³,Essence,4.0,Monospace,FIAT, DOBLO COMBI1.4 L
180,Manuelle,5CV,90 000 DT TTC,5,5 | 2 portes latérales coulissantes | 2 portes arrières battantes vitrées,1248CM³,Diesel,4.0,Monospace,FIAT, DOBLO COMBI1.2 L DIESEL MAXI
181,Manuelle,7CV,94 400 DT TTC,3,2 portes latérales coulissantes | 2 portes arrières battantes tolées | 6,2179CM³,Diesel,4.0,Utilitaire,FIAT, DUCATO2.2 HDI 13 M3 L2H2
182,Automatique,13CV,285 000 DT TTC,7,5,1996CM³,Diesel,4.0,SUV,FORD, EVEREST2.0 L BI-TURBO LIMITED 7 PLACES
183,Manuelle,7CV,98 000 DT TTC,3,5 | 1 porte latérale coulissante | 2 portes arrières battantes tolées,2198CM³,Diesel,4.0,Utilitaire,FORD, TRANSIT VAN2.2 L D 350 L L3H2
184,Automatique,10CV,86 800 DT TTC,5,5,1477CM³,Essence,3.0,SUV,GEELY, COOLRAY1.5 L TURBO GS
185,Automatique,10CV,98 800 DT TTC,5,5,1477CM³,Essence,3.0,SUV,GEELY, COOLRAY1.5 L TURBO GF
186,Manuelle,11CV,115 900 DT TTC,5,5,1996CM³,Diesel,4.0,Pick up,GREAT WALL, POER2.0 L DIESEL 4X4
187,Automatique,7CV,141 900 DT TTC,5,5,1996CM³,Diesel,4.0,Pick up,GREAT WALL, POER2.0 L DIESEL 4X4   BVA
188,Automatique,6CV,78 990 DT TTC,5,4,1498CM³,Essence,4.0,Berline,HONDA, CITY1.5 L CVT LX
189,Automatique,6CV,81 490 DT TTC,5,4,1498CM³,Essence,4.0,Berline,HONDA, CITY1.5 L CVT LX SPORT
190,Automatique,5CV,77 950 DT TTC,5,5,998CM³,Essence,3.0,Citadine,HYUNDAI, I201.0 L T-GDI DCT-7 HIGH GRADE
191,Automatique,9CV,168 950 DT TTC,5,5,,Electrique,,SUV,HYUNDAI, IONIQ 558 KWH 2WD HG
192,Automatique,19CV,350 100 DT TTC,8,5,3470CM³,Essence,6.0,SUV,HYUNDAI, PALISADE CALLIGRAPHY3.5 L GDI  4X4  BVA
193,Automatique,18CV,375 000 DT TTC,5,5,2000CM³,Essence,4.0,SUV,JEEP, WRANGLER UNLIMITED2.0 L RUBICON
194,Automatique,19CV,405 000 DT TTC,5,5,3604CM³,Essence,6.0,SUV,JEEP, WRANGLER UNLIMITED3.6 L V6 RUBICON
195,Manuelle,5CV,47 980 DT TTC,5,5,1197CM³,Essence,4.0,Citadine,KIA, PICANTO1.2 L LX
196,Manuelle,5CV,49 980 DT TTC,5,5,1197CM³,Essence,4.0,Citadine,SMART,KIA PICANTO1.2 L 
197,Automatique,4CV,57 480 DT TTC,5,5,1197CM³,Essence,4.0,Citadine,KIA, PICANTO1.2 L  GT-LINE BVA
198,Manuelle,5CV,72 980 DT TTC,5,5,1197CM³,Essence,4.0,SUV,KIA, STONIC1.2 L  EX BVM
199,Automatique,6CV,92 980 DT TTC,5,5,998CM³,Essence | Hybride léger,3.0,SUV,KIA, STONIC1.0L T-GDI  GT-LINE BVA
200,Automatique,9CV,126 980 DT TTC,5,5,1482CM³,Essence,4.0,SUV,KIA, XCEED1.5 T-GDI 7DCT SX
201,Automatique,9CV,134 980 DT TTC,5,5,1482CM³,Essence,4.0,SUV,KIA, XCEED1.5 T-GDI 7DCT GT-LINE
202,Automatique,5CV,139 980 DT TTC,5,5,1580CM³,Essence | Hybride,4.0,SUV,KIA, NIRO HYBRIDE1.6 L EX
203,Automatique,5CV,149 980 DT TTC,5,5,1580CM³,Essence | Hybride,4.0,SUV,KIA, NIRO HYBRIDE1.6 L SX
204,Automatique,10CV,139 980 DT TTC,5,5,1598CM³,Essence,4.0,SUV,KIA, SPORTAGE1.6 L T-GDI 7-DCT EX
205,Automatique,10CV,151 980 DT TTC,5,5,1598CM³,Essence,4.0,SUV,KIA, SPORTAGE1.6 L T-GDI 7-DCT SX
206,Automatique,10CV,174 980 DT TTC,5,5,1598CM³,Essence | Hybride,4.0,SUV,KIA, SPORTAGE HYBRIDE1.6 L T-GDI 4X2 GT-LINE
207,Automatique,10CV,189 980 DT TTC,5,5,1598CM³,Essence | Hybride,4.0,SUV,KIA, SPORTAGE HYBRIDE1.6 L T-GDI 4X4 GT-LINE
208,Automatique,13CV,219 980 DT TTC,5,5,,Electrique,,SUV,KIA, EV6LONG RANGE GT-LINE
209,Automatique,21CV,239 980 DT TTC,5,5,,Electrique,,SUV,KIA, EV6DUAL POWER 4WD GT-LINE
210,Automatique,12CV,274 980 DT TTC,7,5,2151CM³,Diesel,4.0,SUV,KIA, SORENTO2.2 L DIESEL  7 PLACES BVA
211,Automatique,19CV,279 980 DT TTC,7,5,3470CM³,Essence,6.0,SUV,KIA, SORENTO3.5 V6  7 PLACES  BVA
212,Automatique,9CV,340 000 DT TTC,5,5,1999CM³,Diesel,4.0,SUV,LAND ROVER, RANGE ROVER EVOQUE2.0 L D163 DYNAMIC SE
213,Automatique,12CV,341 700 DT TTC,5,5,1997CM³,Essence,4.0,SUV,LAND ROVER, RANGE ROVER EVOQUE2.0 L P200 DYNAMIC SE
214,Automatique,29CV,364 200 DT TTC,5,5,2996CM³,Essence | Hybride léger,4.0,SUV,LAND ROVER, DEFENDER 1103.0 L P400 S
215,Automatique,21CV,413 000 DT TTC,5,5,1997CM³,Essence,4.0,SUV,LAND ROVER, DEFENDER 1102.0 L P300 SE
216,Automatique,29CV,607 200 DT TTC,5,5,2996CM³,Essence | Hybride léger,6.0,SUV,LAND ROVER, RANGE ROVER SPORT3.0 L P400 MHEV SE
217,Automatique,25CV,647 000 DT TTC,5,5,2997CM³,Essence | Hybride rechargeable,6.0,SUV,LAND ROVER, RANGE ROVER SPORT3.0 L P460 PHEV SE
218,Automatique,24CV,702 500 DT TTC,5,5,2997CM³,Essence | Hybride léger,6.0,SUV,LAND ROVER, RANGE ROVER3.0 L P400 MHEV SE
219,Automatique,16CV,723 000 DT TTC,5,5,2997CM³,Essence | Hybride rechargeable,6.0,SUV,LAND ROVER, RANGE ROVER3.0 L P460 PHEV SE
220,Automatique,43CV,1 054 000 DT TTC,5,5,4395CM³,Essence,8.0,SUV,LAND ROVER, RANGE ROVER4.4 V8 P530 HSE
221,Manuelle,6CV,58 065 DT TTC,5,5,1197CM³,Essence,3.0,SUV,MAHINDRA, XUV 3001.2 L W6
222,Manuelle,6CV,63 065 DT TTC,5,5,1197CM³,Essence,3.0,SUV,MAHINDRA, XUV 3001.2 L W8
223,Manuelle,6CV,69 065 DT TTC,5,5,1197CM³,Essence,3.0,SUV,MAHINDRA, XUV 3001.2 L W8.0
224,Automatique,9CV,164 000 DT TTC,5,5,1332CM³,Essence,4.0,Compacte,MERCEDES-BENZ, CLASSE A200 PROGRESSIVE
225,Automatique,9CV,175 000 DT TTC,5,5,1332CM³,Essence,4.0,Compacte,MERCEDES-BENZ, CLASSE A200 PREMIUM
226,Automatique,9CV,189 000 DT TTC,5,5,1332CM³,Essence,4.0,Compacte,MERCEDES-BENZ, CLASSE A200 AMG
227,Automatique,9CV,165 000 DT TTC,5,5,1332CM³,Essence,4.0,Berline,MERCEDES-BENZ, CLASSE A BERLINE200 PROGRESSIVE
228,Automatique,9CV,177 000 DT TTC,5,5,1332CM³,Essence,4.0,Berline,MERCEDES-BENZ, CLASSE A BERLINE200 PREMIUM
229,Automatique,9CV,190 000 DT TTC,5,5,1332CM³,Essence,4.0,Berline,MERCEDES-BENZ, CLASSE A BERLINE200 AMG
230,Automatique,9CV,201 000 DT TTC,5,4,1332CM³,Essence,4.0,Berline,MERCEDES-BENZ, CLA200 PROGRESSIVE
231,Automatique,9CV,213 000 DT TTC,5,4,1332CM³,Essence,4.0,Berline,MERCEDES-BENZ, CLA200 AMG
232,Automatique,9CV,215 000 DT TTC,5,4,1496CM³,Essence | Hybride léger,4.0,Berline,MERCEDES-BENZ, CLASSE C180 AVANTGARDE
233,Automatique,9CV,249 000 DT TTC,5,4,1496CM³,Essence | Hybride léger,4.0,Berline,MERCEDES-BENZ, CLASSE C180 PREMIUM
234,Automatique,9CV,253 000 DT TTC,5,4,1496CM³,Essence | Hybride léger,4.0,Berline,MERCEDES-BENZ, CLASSE C180 AMG
235,Automatique,9CV,270 000 DT TTC,5,4,1496CM³,Essence | Hybride léger,4.0,Berline,MERCEDES-BENZ, CLASSE C180 AMG +
236,Automatique,12CV,255 000 DT TTC,5,4,1999CM³,Essence | Hybride léger,4.0,Berline,MERCEDES-BENZ, CLASSE E200 BUSINESS
237,Automatique,12CV,284 000 DT TTC,5,4,1999CM³,Essence | Hybride léger,4.0,Berline,MERCEDES-BENZ, CLASSE E200 AVANTGARDE
238,Automatique,12CV,289 000 DT TTC,5,4,1999CM³,Essence | Hybride léger,4.0,Berline,MERCEDES-BENZ, CLASSE E200 EXCLUSIVE
239,Automatique,12CV,319 000 DT TTC,5,4,1999CM³,Essence | Hybride léger,4.0,Berline,MERCEDES-BENZ, CLASSE E200 AMG
240,Automatique,9CV,198 000 DT TTC,5,5,1332CM³,Essence,4.0,SUV,MERCEDES-BENZ, GLA200 PROGRESSIVE
241,Automatique,9CV,216 000 DT TTC,5,5,1332CM³,Essence,4.0,SUV,MERCEDES-BENZ, GLA200 AMG
242,Automatique,12CV,280 000 DT TTC,5,5,1999CM³,Essence | Hybride léger,4.0,SUV,MERCEDES-BENZ, GLC200 4MATIC AVANTGARDE
243,Automatique,12CV,315 000 DT TTC,5,5,1999CM³,Essence | Hybride léger,4.0,SUV,MERCEDES-BENZ, GLC200 4MATIC AMG
244,Manuelle,6CV,63 450 DT TTC,5,5,1498CM³,Essence,4.0,Citadine,MG, 31.5 L CONFORT PLUS
245,Automatique,7CV,69 450 DT TTC,5,5,1498CM³,Essence,4.0,Citadine,MG, 31.5 L  CONFORT PLUS BVA
246,Manuelle,6CV,63 950 DT TTC,5,4,1498CM³,Essence,4.0,Berline,MG, 51.5 L CONFORT
247,Manuelle,6CV,67 450 DT TTC,5,4,1498CM³,Essence,4.0,Berline,MG, 51.5 L CONFORT PLUS
248,Automatique,7CV,71 950 DT TTC,5,4,1498CM³,Essence,4.0,Berline,MG, 51.5 L  LUXE BVA
249,Manuelle,7CV,80 950 DT TTC,5,4,1498CM³,Essence,4.0,Berline,MG, GT1.5 L  LUXURY BVM
250,Automatique,7CV,85 950 DT TTC,5,4,1498CM³,Essence,4.0,Berline,MG, GT1.5 L CVT LUXURY
251,Automatique,9CV,95 450 DT TTC,5,4,1498CM³,Essence,4.0,Berline,MG, GT1.5 T SPORT 7DCT
252,Manuelle,7CV,80 950 DT TTC,5,5,1498CM³,Essence,4.0,SUV,MG, ZS1.5 L LUXURY
253,Automatique,7CV,86 950 DT TTC,5,5,1498CM³,Essence,4.0,SUV,MG, ZS1.5 L  LUXURY BVA
254,Automatique,9CV,95 950 DT TTC,5,5,1349CM³,Essence,3.0,SUV,MG, ZS1.3 T  TROPHY BVA
255,Automatique,6CV,140 200 DT TTC,5,5,1499CM³,Essence,3.0,SUV,MINI, COUNTRYMAN1.5 L ONE
256,Automatique,6CV,172 700 DT TTC,5,5,1499CM³,Essence,3.0,SUV,MINI, COUNTRYMAN1.5 L ONE PACK FUNNY
257,Manuelle,11CV,243 567 DT TTC,7,5,2442CM³,Diesel,4.0,SUV,MITSUBISHI, PAJERO SPORT2.4 L DID BUSINESS
258,Automatique,11CV,267 770 DT TTC,7,5,2442CM³,Diesel,4.0,SUV,MITSUBISHI, PAJERO SPORT2.4 L DID  PREMIUM BVA
259,Manuelle,6CV,89 400 DT TTC,5,5,999CM³,Essence,3.0,SUV,NISSAN, JUKE1.0 L DIG-T TEKNA
260,Automatique,6CV,96 400 DT TTC,5,5,999CM³,Essence,3.0,SUV,NISSAN, JUKE1.0 L DIG-T DCT TEKNA
261,Automatique,6CV,97 400 DT TTC,5,5,999CM³,Essence,3.0,SUV,NISSAN, JUKE1.0 L DIG-T DCT TEKNA PERSO
262,Automatique,8CV,143 500 DT TTC,5,5,1332CM³,Essence,4.0,SUV,NISSAN, QASHQAI1.3 L N-CONNECTA
263,Automatique,8CV,144 500 DT TTC,5,5,1332CM³,Essence,4.0,SUV,NISSAN, QASHQAI1.3 L TEKNA
264,Automatique,8CV,148 500 DT TTC,5,5,1332CM³,Essence,4.0,SUV,NISSAN, QASHQAI1.3 L TEKNA HIGH
265,Manuelle,6CV,72 900 DT TTC,5,5,1199CM³,Essence,3.0,Citadine,OPEL, CORSA1.2 TURBO EDITION
266,Manuelle,6CV,76 900 DT TTC,5,5,1199CM³,Essence,3.0,Citadine,OPEL, CORSA1.2 TURBO GS LINE
267,Automatique,6CV,82 900 DT TTC,5,5,1199CM³,Essence,3.0,SUV,OPEL, CROSSLAND1.2 L 110 CH AT6 EDITION
268,Automatique,6CV,89 900 DT TTC,5,5,1199CM³,Essence,3.0,SUV,OPEL, CROSSLAND1.2 L 110 CH AT6 ELEGANCE
269,Automatique,7CV,96 900 DT TTC,5,5,1199CM³,Essence,3.0,SUV,OPEL, MOKKA1.2 L TURBO 130 CH AT8 ELEGANCE LIMITED
270,Automatique,7CV,104 900 DT TTC,5,5,1199CM³,Essence,3.0,SUV,OPEL, MOKKA1.2 L TURBO 130 CH AT8 ELEGANCE
271,Automatique,7CV,109 900 DT TTC,5,5,1199CM³,Essence,3.0,SUV,OPEL, MOKKA1.2 L TURBO 130 CH AT8 GS
272,Automatique,7CV,105 900 DT TTC,5,5,1199CM³,Essence,3.0,Compacte,OPEL, ASTRA1.2 L ELEGANCE
273,Automatique,7CV,112 900 DT TTC,5,5,1199CM³,Essence,3.0,Compacte,OPEL, ASTRA1.2 L GS
274,Manuelle,5CV,64 900 DT TTC,2,3 | 1 porte latérale coulissante | 2 portes arrières battantes tolées,1560CM³,Diesel,4.0,Utilitaire,OPEL, COMBO CARGO1.6 L DIESEL CONFORT L1H1 650 KG
275,Manuelle,5CV,67 900 DT TTC,2,3 | 1 porte latérale coulissante | 2 portes arrières battantes tolées,1560CM³,Diesel,4.0,Utilitaire,OPEL, COMBO CARGOXL 1.6 L DIESEL CONFORT L2H1 1000 KG
276,Automatique,7CV,97 900 DT TTC,5,5,1199CM³,Essence,3.0,SUV,PEUGEOT, 20081.2 L PURETECH 130  ACTIVE BVA
277,Automatique,7CV,104 900 DT TTC,5,5,1199CM³,Essence,3.0,SUV,PEUGEOT, 20081.2 L PURETECH 130  ALLURE BVA
278,Automatique,13CV,148 900 DT TTC,5,4,1598CM³,Essence,4.0,Berline,PEUGEOT, 4081.6 L  ALLURE EAT8
279,Automatique,13CV,149 900 DT TTC,5,4,1598CM³,Essence,4.0,Berline,PEUGEOT, 4081.6 L  ALLURE PACK EAT8
280,Manuelle,5CV,67 490 DT TTC,2,3 | 1 porte latérale coulissante | 2 portes arrières battantes tolées,1560CM³,Diesel,4.0,Utilitaire,PEUGEOT, PARTNER1.6 L HDI 90CH 650 KG
281,Manuelle,5CV,68 490 DT TTC,2,3 | 1 porte latérale coulissante | 2 portes arrières battantes tolées,1560CM³,Diesel,4.0,Utilitaire,PEUGEOT, PARTNER1.6 L HDI 90CH 1000 KG
282,Manuelle,7CV,89 900 DT TTC,3,4 | 1 porte latérale coulissante | 2 portes arrières battantes tolées,2179CM³,Diesel,4.0,Utilitaire,PEUGEOT, BOXER335 L1H1 FOURGON
283,Manuelle,7CV,91 900 DT TTC,3,4 | 1 porte latérale coulissante | 2 portes arrières battantes tolées,2179CM³,Diesel,4.0,Utilitaire,PEUGEOT, BOXER335 L2H2 FOURGON
284,Manuelle,7CV,93 900 DT TTC,3,4 | 1 porte latérale coulissante | 2 portes arrières battantes tolées,2179CM³,Diesel,4.0,Utilitaire,PEUGEOT, BOXER335 L3H2 FOURGON
285,Manuelle,6CV,72 500 DT TTC,2,2,1910CM³,Diesel,4.0,Pick up,PEUGEOT, LANDTREK SIMPLE CABINE1.9 L DIESEL 4X2 BENNE TÔLE PLIÉE
286,Manuelle,6CV,76 500 DT TTC,2,2,1910CM³,Diesel,4.0,Pick up,PEUGEOT, LANDTREK SIMPLE CABINE1.9 L DIESEL 4X2
287,Manuelle,6CV,92 990 DT TTC,5,4,1910CM³,Diesel,4.0,Pick up,PEUGEOT, LANDTREK DOUBLE CABINE1.9 L DIESEL 4X2
288,Manuelle,6CV,102 990 DT TTC,5,4,1910CM³,Diesel,4.0,Pick up,PEUGEOT, LANDTREK DOUBLE CABINE1.9 L DIESEL 4X4
289,Manuelle,8CV,101 650 DT TTC,5,4,1332CM³,Essence,4.0,Berline,RENAULT, MEGANE SEDAN1.3 L TCE 140
290,Automatique,8CV,109 950 DT TTC,5,4,1332CM³,Essence,4.0,Berline,RENAULT, MEGANE SEDAN1.3 L TCE 140   BVA
291,Manuelle,8CV,84 900 DT TTC,3,2 | 1 porte latérale coulissante | 2 portes arrières battantes tolées,2298CM³,Diesel,4.0,Utilitaire,RENAULT, MASTER2.3 L 8M3
292,Manuelle,8CV,87 950 DT TTC,3,2 | 1 porte latérale coulissante | 2 portes arrières battantes tolées,2298CM³,Diesel,4.0,Utilitaire,RENAULT, MASTER2.3 L 10.8 M3
293,Manuelle,8CV,89 950 DT TTC,3,2 | 1 porte latérale coulissante | 2 portes arrières battantes tolées,2298CM³,Diesel,4.0,Utilitaire,RENAULT, MASTER2.3 L 13 M3
294,Automatique,6CV,72 980 DT TTC,5,5,999CM³,Essence,3.0,Citadine,SEAT, IBIZA1.0 L TSI  REFERENCE BVA
295,Manuelle,6CV,72 980 DT TTC,5,5,999CM³,Essence,3.0,Citadine,SEAT, IBIZA1.0 L TSI STYLE
296,Automatique,6CV,84 980 DT TTC,5,5,999CM³,Essence,3.0,Citadine,SEAT, IBIZA1.0 L TSI  XCELLENCE BVA
297,Automatique,6CV,87 980 DT TTC,5,5,999CM³,Essence,3.0,Citadine,SEAT, IBIZA1.0 L TSI  FR BVA
298,Automatique,6CV,87 980 DT TTC,5,5,999CM³,Essence,3.0,SUV,SEAT, ARONA1.0 TSI STYLE
299,Automatique,6CV,94 980 DT TTC,5,5,999CM³,Essence,3.0,SUV,SEAT, ARONA1.0 TSI XPERIENCE
300,Automatique,6CV,97 980 DT TTC,5,5,999CM³,Essence,3.0,SUV,SEAT, ARONA1.0 TSI FR
301,Automatique,8CV,99 980 DT TTC,5,5,1395CM³,Essence,4.0,Compacte,SEAT, LEON1.4 TSI DYNAMIC
302,Automatique,8CV,118 980 DT TTC,5,5,1395CM³,Essence,4.0,Compacte,SEAT, LEON1.4 TSI FR
303,Automatique,8CV,121 980 DT TTC,5,5,1395CM³,Essence,4.0,SUV,SEAT, ATECA1.4 L TSI STYLE
304,Automatique,8CV,132 980 DT TTC,5,5,1395CM³,Essence,4.0,SUV,SEAT, ATECA1.4 L TSI XPERIENCE
305,Automatique,8CV,137 980 DT TTC,5,5,1395CM³,Essence,4.0,SUV,SEAT, ATECA1.4 L TSI FR
306,Manuelle,4CV,66 980 DT TTC,5,5,999CM³,Essence,3.0,Citadine,SKODA, FABIA1.0 L MPI ESSENCE
307,Manuelle,4CV,71 480 DT TTC,5,5,999CM³,Essence,3.0,Citadine,SKODA, FABIA1.0 L MPI SELECTION
308,Manuelle,4CV,82 480 DT TTC,5,5,999CM³,Essence,3.0,Citadine,SKODA, FABIA1.0 L MPI MONTE CARLO
309,Manuelle,6CV,76 980 DT TTC,5,5,999CM³,Essence,3.0,SUV,SKODA, KUSHAQ1.0 TSI AMBITION
310,Automatique,7CV,82 980 DT TTC,5,5,999CM³,Essence,3.0,SUV,SKODA, KUSHAQ1.0 TSI  AMBITION BVA
311,Automatique,7CV,89 980 DT TTC,5,5,999CM³,Essence,3.0,SUV,SKODA, KUSHAQ1.0 TSI  STYLE BVA
312,Automatique,6CV,81 980 DT TTC,5,5,999CM³,Essence,3.0,Compacte,SKODA, SCALA1.0 L TSI  ACTIVE DSG
313,Automatique,6CV,85 980 DT TTC,5,5,999CM³,Essence,3.0,Compacte,SKODA, SCALA1.0 L TSI  AMBITION DSG
314,Automatique,6CV,94 980 DT TTC,5,5,999CM³,Essence,3.0,Compacte,SKODA, SCALA1.0 L TSI  STYLE DSG
315,Automatique,6CV,91 980 DT TTC,5,5,999CM³,Essence,3.0,SUV,SKODA, KAMIQ1.0 L TSI  ESSENCE DSG
316,Automatique,6CV,104 980 DT TTC,5,5,999CM³,Essence,3.0,SUV,SKODA, KAMIQ1.0 L TSI  SELECTION DSG
317,Automatique,6CV,109 980 DT TTC,5,5,999CM³,Essence,3.0,SUV,SKODA, KAMIQ1.0 L TSI  MONTE CARLO DSG
318,Automatique,8CV,117 980 DT TTC,5,4,1395CM³,Essence,4.0,Berline,SKODA, OCTAVIA1.4 TSI  AMBITION BVA
319,Automatique,8CV,135 980 DT TTC,5,4,1395CM³,Essence,4.0,Berline,SKODA, OCTAVIA1.4 TSI  STYLE BVA
320,Automatique,8CV,142 980 DT TTC,5,5,1395CM³,Essence,4.0,SUV,SKODA, KAROQ1.4 L TSI  AMBITION BVA
321,Automatique,8CV,151 980 DT TTC,5,5,1395CM³,Essence,4.0,SUV,SKODA, KAROQ1.4 L TSI  STYLE BVA
322,Automatique,8CV,151 980 DT TTC,5,5,1395CM³,Essence,4.0,SUV,SKODA, KAROQ1.4 L TSI  STYLE EDITION SPÉCIALE BVA
323,Manuelle,7CV,136 845 DT TTC,5,4,2157CM³,Diesel,4.0,Pick up,SSANGYONG, MUSSO2.2 L DIESEL 4WD
324,Manuelle,7CV,148 176 DT TTC,5,4,2157CM³,Diesel,4.0,Pick up,SSANGYONG, MUSSO2.2 L DIESEL 4WD CRM
325,Automatique,7CV,158 645 DT TTC,5,4,2157CM³,Diesel,4.0,Pick up,SSANGYONG, MUSSO2.2 L DIESEL 4WD   BVA
326,Manuelle,5CV,52 900 DT TTC,5,5,1197CM³,Essence,4.0,Citadine,SUZUKI, SWIFT1.2 L GL
327,Automatique,5CV,56 400 DT TTC,5,5,1197CM³,Essence,4.0,Citadine,SUZUKI, SWIFT1.2 L  GL BVA
328,Manuelle,5CV,57 400 DT TTC,5,5,1197CM³,Essence,4.0,Citadine,SUZUKI, SWIFT1.2 L GLX PACK
329,Automatique,5CV,62 400 DT TTC,5,5,1197CM³,Essence,4.0,Citadine,SUZUKI, SWIFT1.2 L  GLX PACK BVA
330,Manuelle,5CV,54 900 DT TTC,5,4,1197CM³,Essence,4.0,Berline,SUZUKI, DZIRE1.2 L GL
331,Manuelle,5CV,57 900 DT TTC,5,4,1197CM³,Essence,4.0,Berline,SUZUKI, DZIRE1.2 L GLX PACK
332,Manuelle,6CV,62 900 DT TTC,5,4,1462CM³,Essence,4.0,Berline,SUZUKI, CIAZ1.5 L GL
333,Automatique,6CV,67 900 DT TTC,5,4,1462CM³,Essence,4.0,Berline,SUZUKI, CIAZ1.5 L GL   BVA
334,Manuelle,6CV,69 900 DT TTC,5,4,1462CM³,Essence,4.0,Berline,SUZUKI, CIAZ1.5 L GLX
335,Automatique,6CV,73 900 DT TTC,5,4,1462CM³,Essence,4.0,Berline,SUZUKI, CIAZ1.5  GLX BVA
336,Manuelle,6CV,66 900 DT TTC,5,5,1462CM³,Essence,4.0,Compacte,SUZUKI, BALENO1.5 L  GL BVM
337,Automatique,6CV,76 900 DT TTC,5,5,1462CM³,Essence,4.0,Compacte,SUZUKI, BALENO1.5 L  GLX BVA
338,Manuelle,6CV,78 900 DT TTC,7,5,1462CM³,Essence,4.0,Monospace,SUZUKI, ERTIGA1.5 L GLX 7 PLACES
339,Automatique,6CV,83 900 DT TTC,7,5,1462CM³,Essence,4.0,Monospace,SUZUKI, ERTIGA1.5 L  GLX 7 PLACES BVA
340,Manuelle,6CV,76 900 DT TTC,5,5,1462CM³,Essence,4.0,SUV,SUZUKI, FRONX1.5 L  GL BVM
341,Automatique,6CV,91 900 DT TTC,5,5,1462CM³,Essence,4.0,SUV,SUZUKI, FRONX1.5 L  GLX BVA
342,Manuelle,6CV,99 900 DT TTC,5,3,1462CM³,Essence,4.0,SUV,SUZUKI, JIMNY1.5 L GL 4X4
343,Automatique,6CV,104 900 DT TTC,5,3,1462CM³,Essence,4.0,SUV,SUZUKI, JIMNY1.5 L GL 4X4   BVA
344,Automatique,5CV,119 900 DT TTC,5,5,1490CM³,Essence | Hybride,3.0,SUV,TOYOTA, YARIS CROSS HYBRIDE1.5 L CVT
345,Automatique,5CV,121 900 DT TTC,5,5,1490CM³,Essence | Hybride,3.0,SUV,TOYOTA, YARIS CROSS HYBRIDE1.5 L CVT BI-TON
346,Automatique,32CV,530 000 DT TTC,7,5,3445CM³,Essence,6.0,SUV,TOYOTA, LAND CRUISER 3003.5 L V6 BI-TURBO ESSENCE 4WD VX
347,Automatique,21CV,540 000 DT TTC,7,5,3346CM³,Diesel,6.0,SUV,TOYOTA, LAND CRUISER 3003.3 L V6 BI-TURBO DIESEL 4WD VX
348,Automatique,21CV,568 000 DT TTC,7,5,3346CM³,Diesel,6.0,SUV,TOYOTA, LAND CRUISER 3003.3 L V6 BI-TURBO DIESEL 4WD GR-SPORT
349,Manuelle,8CV,159 800 DT TTC,5,4,2393CM³,Diesel,4.0,Pick up,TOYOTA, HILUX DOUBLE CABINE2.4 L DIESEL D-4D 4X4
350,Automatique,8CV,192 900 DT TTC,5,4,2393CM³,Diesel,4.0,Pick up,TOYOTA, HILUX DOUBLE CABINE2.4 L DIESEL D-4D 4X4   BVA
351,Manuelle,6CV,63 980 DT TTC,5,4,999CM³,Essence,3.0,Berline,VOLKSWAGEN, VIRTUS1.0 L TSI CONFORTLINE
352,Automatique,7CV,78 980 DT TTC,5,4,999CM³,Essence,3.0,Berline,VOLKSWAGEN, VIRTUS1.0 L TSI  HIGHLINE BVA
353,Automatique,7CV,85 980 DT TTC,5,4,999CM³,Essence,3.0,Berline,VOLKSWAGEN, VIRTUS1.0 L TSI  TOPLINE BVA
354,Manuelle,6CV,73 980 DT TTC,5,5,999CM³,Essence,3.0,SUV,VOLKSWAGEN, T-CROSS1.0 L CONFORTLINE
355,Automatique,7CV,91 980 DT TTC,5,5,999CM³,Essence,3.0,SUV,VOLKSWAGEN, T-CROSS1.0 L  HIGHLINE BVA
356,Automatique,7CV,103 980 DT TTC,5,5,999CM³,Essence,3.0,SUV,VOLKSWAGEN, T-CROSS1.0 L  TOPLINE BVA
357,Manuelle,5CV,82 980 DT TTC,5,5,999CM³,Essence,3.0,Citadine,VOLKSWAGEN, POLO1.0 L TSI DRIVE
358,Manuelle,5CV,89 980 DT TTC,5,5,999CM³,Essence,3.0,Citadine,VOLKSWAGEN, POLO1.0 L TSI LIFE
359,Automatique,8CV,120 980 DT TTC,5,5,1395CM³,Essence,4.0,Compacte,VOLKSWAGEN, GOLF 81.4 L TSI DRIVE
360,Automatique,8CV,136 980 DT TTC,5,5,1395CM³,Essence,4.0,Compacte,VOLKSWAGEN, GOLF 81.4 L TSI LIFE
361,Automatique,8CV,159 980 DT TTC,5,5,1395CM³,Essence,4.0,Compacte,VOLKSWAGEN, GOLF 81.4 L TSI R-LINE
362,Automatique,8CV,156 980 DT TTC,5,5,1395CM³,Essence,4.0,SUV,VOLKSWAGEN, TIGUAN1.4 L TSI LIFE
363,Automatique,8CV,174 980 DT TTC,5,5,1395CM³,Essence,4.0,SUV,VOLKSWAGEN, TIGUAN1.4 L TSI ELEGANCE
364,Automatique,8CV,199 980 DT TTC,5,5,1395CM³,Essence,4.0,SUV,VOLKSWAGEN, TIGUAN1.4 L TSI R-LINE
365,Automatique,5CV,199 980 DT TTC,5,4,1996CM³,Diesel,4.0,Pick up,VOLKSWAGEN, AMAROK2.0 L TDI 170 CH 4X4  LIFE BVA
366,Automatique,5CV,239 980 DT TTC,5,4,1996CM³,Diesel,4.0,Pick up,VOLKSWAGEN, AMAROK2.0 L TDI 210 CH 4X4  AVENTURA BVA
367,Manuelle,7CV,73 980 DT TTC,2,4 | 1 porte latérale coulissante | 2 portes arrières battantes vitrées,1968CM³,Diesel,4.0,Utilitaire,VOLKSWAGEN, CADDY CARGO2.0 L TDI BUSINESS
368,Manuelle,7CV,76 980 DT TTC,2,4 | 1 porte latérale coulissante | 2 portes arrières battantes vitrées,1968CM³,Diesel,4.0,Utilitaire,VOLKSWAGEN, CADDY CARGO2.0 L TDI MAXI
369,Manuelle,7CV,114 980 DT TTC,3,4 | 1 porte latérale coulissante | 2 portes arrières battantes tolées,1968CM³,Diesel,4.0,Utilitaire,VOLKSWAGEN, CRAFTER11.3 M3 L3H3
370,Manuelle,7CV,116 980 DT TTC,3,4 | 1 porte latérale coulissante | 2 portes arrières battantes tolées,1968CM³,Diesel,4.0,Utilitaire,VOLKSWAGEN, CRAFTER14.4 M3 L4H3
371,Automatique,9CV,170 000 DT TTC,5,5,1969CM³,Essence | Hybride léger,4.0,SUV,VOLVO, XC402.0 L PLUS DARK
372,Automatique,9CV,185 000 DT TTC,5,5,1969CM³,Essence | Hybride léger,4.0,SUV,VOLVO, XC402.0 L ULTIMATE DARK
373,Automatique,9CV,195 000 DT TTC,5,5,1969CM³,Essence | Hybride léger,4.0,SUV,VOLVO, XC402.0 L ULTIMATE DARK +
374,Automatique,9CV,199 900 DT TTC,5,5,,Electrique,,SUV,VOLVO, XC40 RECHARGEULTIMATE SINGLE MOTOR
375,Automatique,14CV,229 900 DT TTC,5,5,,Electrique,,SUV,VOLVO, XC40 RECHARGEULTIMATE TWIN MOTOR
376,Automatique,9CV,199 900 DT TTC,5,5,,Electrique,,SUV,VOLVO, C40 RECHARGEPLUS SINGLE MOTOR
377,Automatique,14CV,229 900 DT TTC,5,5,,Electrique,,SUV,VOLVO, C40 RECHARGEULTIMATE TWIN MOTOR
378,Automatique,11CV,194 900 DT TTC,5,4,1969CM³,Essence | Hybride léger,4.0,Berline,VOLVO, S602.0 L PLUS DARK
379,Automatique,11CV,214 900 DT TTC,5,4,1969CM³,Essence | Hybride léger,4.0,Berline,VOLVO, S602.0 L ULTIMATE DARK
380,Automatique,15CV,269 900 DT TTC,5,5,1969CM³,Essence | Hybride léger,4.0,SUV,VOLVO, XC602.0 L PLUS DARK
381,Automatique,15CV,299 900 DT TTC,5,5,1969CM³,Essence | Hybride léger,4.0,SUV,VOLVO, XC602.0 L ULTIMATE DARK
382,Automatique,20CV,354 900 DT TTC,5,5,1969CM³,Essence | Hybride rechargeable,4.0,SUV,VOLVO, XC602.0 L RECHARGE ULTIMATE BRIGHT
383,Automatique,15CV,244 900 DT TTC,5,4,1969CM³,Essence | Hybride léger,4.0,Berline,VOLVO, S902.0 L PLUS DARK
384,Automatique,15CV,269 900 DT TTC,5,4,1969CM³,Essence | Hybride léger,4.0,Berline,VOLVO, S902.0 L ULTIMATE BRIGHT
385,Automatique,15CV,384 900 DT TTC,7,5,1969CM³,Essence | Hybride léger,4.0,SUV,VOLVO, XC902.0 L ULTIMATE BRIGHT
386,Automatique,20CV,449 900 DT TTC,7,5,1969CM³,Essence | Hybride rechargeable,4.0,SUV,VOLVO, XC902.0 L RECHARGE ULTIMATE BRIGHT
